{"replica_7_memory_usage_min": 0, "replica_7_memory_usage_max": 0.960010593220339, "replica_7_memory_usage_weighted_mean": 0.4793704925076094}