{"replica_8_stage_1_mfu_min": 0, "replica_8_stage_1_mfu_max": 52.21057153949525, "replica_8_stage_1_mfu_weighted_mean": 0.7776474566802102}