{"replica_3_stage_1_mfu_min": 0, "replica_3_stage_1_mfu_max": 52.21057153949525, "replica_3_stage_1_mfu_weighted_mean": 0.761229642529303}