{"replica_8_memory_usage_min": 0, "replica_8_memory_usage_max": 0.9699417372881356, "replica_8_memory_usage_weighted_mean": 0.4816597779062246}