{"replica_5_memory_usage_min": 0, "replica_5_memory_usage_max": 0.5296610169491526, "replica_5_memory_usage_weighted_mean": 0.47728303470149014}