{"replica_8_stage_1_mfu_min": 0, "replica_8_stage_1_mfu_max": 52.21057153949525, "replica_8_stage_1_mfu_weighted_mean": 5.854960428255176}