{"replica_8_memory_usage_min": 0, "replica_8_memory_usage_max": 6.346001059322034, "replica_8_memory_usage_weighted_mean": 1.593041487149233}