{"replica_1_memory_usage_min": 0, "replica_1_memory_usage_max": 0.5296610169491526, "replica_1_memory_usage_weighted_mean": 0.47684903582172716}