{"replica_1_memory_usage_min": 0, "replica_1_memory_usage_max": 2.1551724137931036, "replica_1_memory_usage_weighted_mean": 1.9402822836884175}