{"replica_2_memory_usage_min": 0, "replica_2_memory_usage_max": 1.5194650423728813, "replica_2_memory_usage_weighted_mean": 0.6076112464113144}