{"replica_3_stage_1_mfu_min": 0, "replica_3_stage_1_mfu_max": 119.3669454960211, "replica_3_stage_1_mfu_weighted_mean": 4.558915567102352}