{"replica_1_stage_1_mfu_min": 0, "replica_1_stage_1_mfu_max": 119.3669454960211, "replica_1_stage_1_mfu_weighted_mean": 4.459696600243946}