{"replica_1_memory_usage_min": 0, "replica_1_memory_usage_max": 1.9630561440677967, "replica_1_memory_usage_weighted_mean": 0.6119788538817725}