{"replica_3_memory_usage_min": 0, "replica_3_memory_usage_max": 1.5095338983050848, "replica_3_memory_usage_weighted_mean": 0.6299069610662623}