{"replica_2_stage_1_mfu_min": 0, "replica_2_stage_1_mfu_max": 130.87232266090683, "replica_2_stage_1_mfu_weighted_mean": 4.4692039671295305}