{"replica_6_memory_usage_min": 0, "replica_6_memory_usage_max": 4.108297413793103, "replica_6_memory_usage_weighted_mean": 2.009059488331524}