{"replica_7_memory_usage_min": 0, "replica_7_memory_usage_max": 4.229525862068965, "replica_7_memory_usage_weighted_mean": 2.06767377791437}