{"replica_6_stage_1_mfu_min": 0, "replica_6_stage_1_mfu_max": 53.59617233061416, "replica_6_stage_1_mfu_weighted_mean": 0.706594125329546}