{"replica_1_memory_usage_min": 0, "replica_1_memory_usage_max": 4.135237068965517, "replica_1_memory_usage_weighted_mean": 2.0682080950609363}