{"replica_1_memory_usage_min": 0, "replica_1_memory_usage_max": 11.988146551724139, "replica_1_memory_usage_weighted_mean": 3.350320135894463}