{"replica_1_memory_usage_min": 0, "replica_1_memory_usage_max": 2.4397510593220337, "replica_1_memory_usage_weighted_mean": 0.7518671015654442}