{"replica_4_memory_usage_min": 0, "replica_4_memory_usage_max": 1.9928495762711864, "replica_4_memory_usage_weighted_mean": 0.733823152868264}