{"replica_3_memory_usage_min": 0, "replica_3_memory_usage_max": 2.3669226694915255, "replica_3_memory_usage_weighted_mean": 0.7639806388802824}