{"replica_2_memory_usage_min": 0, "replica_2_memory_usage_max": 1.4764300847457628, "replica_2_memory_usage_weighted_mean": 0.5923428318380028}