{"replica_7_memory_usage_min": 0, "replica_7_memory_usage_max": 5.926724137931035, "replica_7_memory_usage_weighted_mean": 2.3702242400220874}