{"replica_3_memory_usage_min": 0, "replica_3_memory_usage_max": 6.209590517241379, "replica_3_memory_usage_weighted_mean": 2.595843073846655}