{"replica_5_stage_1_mfu_min": 0, "replica_5_stage_1_mfu_max": 53.59617233061416, "replica_5_stage_1_mfu_weighted_mean": 0.44070496822063127}