{"replica_2_memory_usage_min": 0, "replica_2_memory_usage_max": 6.330818965517241, "replica_2_memory_usage_weighted_mean": 2.453167757863488}