{"replica_6_memory_usage_min": 0, "replica_6_memory_usage_max": 6.236530172413793, "replica_6_memory_usage_weighted_mean": 2.3315717459799457}