{"replica_5_memory_usage_min": 0, "replica_5_memory_usage_max": 3.9735991379310347, "replica_5_memory_usage_weighted_mean": 1.9877831533510306}