{"replica_8_memory_usage_min": 0, "replica_8_memory_usage_max": 4.148706896551724, "replica_8_memory_usage_weighted_mean": 2.2365456494785465}