{"replica_1_memory_usage_min": 0, "replica_1_memory_usage_max": 6.169181034482759, "replica_1_memory_usage_weighted_mean": 2.3226606429338044}