{"replica_1_memory_usage_min": 0, "replica_1_memory_usage_max": 1.4532574152542372, "replica_1_memory_usage_weighted_mean": 0.5222955804850022}