{"replica_3_memory_usage_min": 0, "replica_3_memory_usage_max": 1.4565677966101696, "replica_3_memory_usage_weighted_mean": 0.5348257202367838}