{"replica_4_memory_usage_min": 0, "replica_4_memory_usage_max": 1.4797404661016949, "replica_4_memory_usage_weighted_mean": 0.5408157977025854}