{"replica_2_memory_usage_min": 0, "replica_2_memory_usage_max": 1.4499470338983051, "replica_2_memory_usage_weighted_mean": 0.5570052518923313}