{"replica_2_memory_usage_min": 0, "replica_2_memory_usage_max": 2.4629237288135593, "replica_2_memory_usage_weighted_mean": 0.8183996727898364}