{"replica_2_memory_usage_min": 0, "replica_2_memory_usage_max": 4.202586206896552, "replica_2_memory_usage_weighted_mean": 2.239649083462079}