{"replica_1_memory_usage_min": 0, "replica_1_memory_usage_max": 5.886314655172414, "replica_1_memory_usage_weighted_mean": 2.112442937308144}