{"replica_3_memory_usage_min": 0, "replica_3_memory_usage_max": 5.926724137931035, "replica_3_memory_usage_weighted_mean": 2.152376780659001}