{"replica_8_memory_usage_min": 0, "replica_8_memory_usage_max": 3.919719827586207, "replica_8_memory_usage_weighted_mean": 1.9529220198637136}