{"replica_7_memory_usage_min": 0, "replica_7_memory_usage_max": 3.8793103448275863, "replica_7_memory_usage_weighted_mean": 1.9432006815750724}