{"replica_7_memory_usage_min": 0, "replica_7_memory_usage_max": 1.463188559322034, "replica_7_memory_usage_weighted_mean": 0.5902193377521501}