{"replica_4_memory_usage_min": 0, "replica_4_memory_usage_max": 1.0560116525423728, "replica_4_memory_usage_weighted_mean": 0.5446982067991136}