{"replica_1_memory_usage_min": 0, "replica_1_memory_usage_max": 1.5227754237288136, "replica_1_memory_usage_weighted_mean": 0.5766868016505443}