{"replica_3_memory_usage_min": 0, "replica_3_memory_usage_max": 1.53270656779661, "replica_3_memory_usage_weighted_mean": 0.6457320562070924}