{"replica_5_memory_usage_min": 0, "replica_5_memory_usage_max": 0.9798728813559322, "replica_5_memory_usage_weighted_mean": 0.4913433619425923}