{"replica_8_memory_usage_min": 0, "replica_8_memory_usage_max": 1.0229078389830508, "replica_8_memory_usage_weighted_mean": 0.5542500390391116}