{"replica_5_stage_1_mfu_min": 0, "replica_5_stage_1_mfu_max": 52.21057153949525, "replica_5_stage_1_mfu_weighted_mean": 0.47225493909500255}