{"replica_2_stage_1_mfu_min": 0, "replica_2_stage_1_mfu_max": 52.21057153949525, "replica_2_stage_1_mfu_weighted_mean": 0.5985232204032115}