{"replica_6_memory_usage_min": 0, "replica_6_memory_usage_max": 1.853813559322034, "replica_6_memory_usage_weighted_mean": 0.5785737692458155}