{"replica_2_memory_usage_min": 0, "replica_2_memory_usage_max": 1.5591896186440677, "replica_2_memory_usage_weighted_mean": 0.6082396807516648}