{"replica_6_memory_usage_min": 0, "replica_6_memory_usage_max": 1.0129766949152543, "replica_6_memory_usage_weighted_mean": 0.4948077962477132}