{"replica_8_memory_usage_min": 0, "replica_8_memory_usage_max": 1.0295286016949152, "replica_8_memory_usage_weighted_mean": 0.5158751765420954}