{"replica_2_memory_usage_min": 0, "replica_2_memory_usage_max": 1.0560116525423728, "replica_2_memory_usage_weighted_mean": 0.5169040542782654}