{"replica_1_memory_usage_min": 0, "replica_1_memory_usage_max": 12.459590517241379, "replica_1_memory_usage_weighted_mean": 4.020218871817752}