{"replica_2_memory_usage_min": 0, "replica_2_memory_usage_max": 12.24407327586207, "replica_2_memory_usage_weighted_mean": 4.09774911660447}