{"replica_2_memory_usage_min": 0, "replica_2_memory_usage_max": 2.5092690677966103, "replica_2_memory_usage_weighted_mean": 0.8336229570317973}