{"replica_7_memory_usage_min": 0, "replica_7_memory_usage_max": 1.039459745762712, "replica_7_memory_usage_weighted_mean": 0.5109840942786291}