{"replica_6_stage_1_mfu_min": 0, "replica_6_stage_1_mfu_max": 52.21057153949525, "replica_6_stage_1_mfu_weighted_mean": 0.7572983718715927}