{"replica_4_memory_usage_min": 0, "replica_4_memory_usage_max": 1.0195974576271187, "replica_4_memory_usage_weighted_mean": 0.5005915002970973}