{"replica_2_memory_usage_min": 0, "replica_2_memory_usage_max": 3.0058262711864407, "replica_2_memory_usage_weighted_mean": 1.0018902276644026}