{"replica_1_memory_usage_min": 0, "replica_1_memory_usage_max": 3.0488612288135593, "replica_1_memory_usage_weighted_mean": 0.9751678411481836}