{"replica_2_memory_usage_min": 0, "replica_2_memory_usage_max": 26.252693965517242, "replica_2_memory_usage_weighted_mean": 7.006479105371639}