{"replica_8_stage_1_mfu_min": 0, "replica_8_stage_1_mfu_max": 53.59617233061416, "replica_8_stage_1_mfu_weighted_mean": 0.7113845402982447}