{"replica_8_memory_usage_min": 0, "replica_8_memory_usage_max": 4.175646551724138, "replica_8_memory_usage_weighted_mean": 2.0889913933734614}