{"replica_1_stage_1_mfu_min": 0, "replica_1_stage_1_mfu_max": 53.59617233061416, "replica_1_stage_1_mfu_weighted_mean": 0.7403603602077028}