{"replica_5_memory_usage_min": 0, "replica_5_memory_usage_max": 4.108297413793103, "replica_5_memory_usage_weighted_mean": 2.0671397367758906}