{"replica_1_memory_usage_min": 0, "replica_1_memory_usage_max": 1.0527012711864407, "replica_1_memory_usage_weighted_mean": 0.58435916777341}