{"replica_1_stage_1_mfu_min": 0, "replica_1_stage_1_mfu_max": 52.21057153949525, "replica_1_stage_1_mfu_weighted_mean": 1.5169416375160911}