{"replica_4_memory_usage_min": 0, "replica_4_memory_usage_max": 1.4466366525423728, "replica_4_memory_usage_weighted_mean": 0.603688034718577}