{"replica_2_memory_usage_min": 0, "replica_2_memory_usage_max": 5.994073275862069, "replica_2_memory_usage_weighted_mean": 2.174297310047535}