{"replica_1_memory_usage_min": 0, "replica_1_memory_usage_max": 4.283405172413793, "replica_1_memory_usage_weighted_mean": 2.3518626615529103}