{"replica_1_memory_usage_min": 0, "replica_1_memory_usage_max": 9.927262931034482, "replica_1_memory_usage_weighted_mean": 3.0340117752894415}