{"replica_3_stage_1_mfu_min": 0, "replica_3_stage_1_mfu_max": 53.59617233061416, "replica_3_stage_1_mfu_weighted_mean": 1.5196694689489954}