{"replica_3_memory_usage_min": 0, "replica_3_memory_usage_max": 9.886853448275861, "replica_3_memory_usage_weighted_mean": 3.1048132960255312}