{"replica_2_memory_usage_min": 0, "replica_2_memory_usage_max": 5.980603448275862, "replica_2_memory_usage_weighted_mean": 2.3863746138494073}