{"replica_4_memory_usage_min": 0, "replica_4_memory_usage_max": 8.095366379310345, "replica_4_memory_usage_weighted_mean": 2.9557463451222676}