{"replica_2_memory_usage_min": 0, "replica_2_memory_usage_max": 10.048491379310345, "replica_2_memory_usage_weighted_mean": 3.293924381951733}